{
  "best_params": {
    "max_iter": 150,
    "n_iter_no_change": 25,
    "validation_fraction": 0.05
  },
  "metrics": {
    "best_cv_roc_auc": 0.9907066644537699,
    "accuracy": 0.9721407624633431,
    "precision": 0.9371069182389937,
    "recall": 0.8895522388059701,
    "f1_score": 0.9127105666156202,
    "roc_auc": 0.9913064717325122,
    "pr_auc": 0.9705881028160636
  },
  "best_estimator": "HistGradientBoostingClassifier(early_stopping=True, max_iter=150,\n                               n_iter_no_change=25, random_state=42,\n                               validation_fraction=0.05)"
}